﻿<?xml version="1.0" encoding="UTF-8"?>
<!DOCTYPE plist PUBLIC "-//Apple//DTD PLIST 1.0//EN" "http://www.apple.com/DTDs/PropertyList-1.0.dtd">
<plist version="1.0">
    <dict>
        
        <key>bg_color01</key>
        <string>#ffffff</string>
        
        <key>bg_color02</key>
        <string>#ed5a33</string>
        
        <key>bg_color03</key>
        <string>#f6f6f6</string>
      
        <key>bg_color04</key>
        <string>#d4d4d4</string>

        <key>bg_color05</key>
        <string>#fffffa</string>

        <key>bg_color06</key>
        <string>#f0f0f2</string>

        <key>bg_color07</key>
        <string>#bebebe</string>
        
        <key>bg_color08</key>
        <string>#f0613b</string>

        <key>bg_color09</key>
        <string>#f5f5f5</string>
        
        <key>bg_color10</key>
        <string>#cbcbcb</string>

        <key>bg_color11</key>
        <string>#d4d4d4</string>

        <key>bg_color12</key>
        <string>#999999</string>

        <key>bg_color13</key>
        <string>#c8c8c8</string>
        
        <key>bg_color14</key>
        <string>#f9f9f9</string>

        <key>font_color01</key>
        <string>#ffffff</string>

        <key>font_color02</key>
        <string>#989898</string>
        
        <key>font_color03</key>
        <string>#ed5a33</string>
        
        <key>font_color04</key>
        <string>#888888</string>
        
        <key>font_color05</key>
        <string>#f0613b</string>
        
        <key>font_color06</key>
        <string>#aeaeae</string>

        <key>font_color07</key>
        <string>#000000</string>

        <key>font_color08</key>
        <string>#757776</string>
        
    </dict>
</plist>

